"","Prob Rec","MSP1_1","MSP1_2","MSP1_3","MSP1_4","MSP1_5","MSP1_6","MSP1_7","MSP1_8","MSP1_9","MSP1_10","MSP1_11","MSP1_12","MSP1_13","MSP1_14","MSP1_15","MSP1_16","MSP2_1","MSP2_2","MSP2_3","MSP2_4","MSP2_5","MSP2_6","MSP2_7","MSP2_8","MSP2_9","MSP2_10","MSP2_11","MSP2_12","MSP2_13","MSP2_14","MSP2_15","MSP2_16","glurp_1","glurp_2","glurp_3","glurp_4","glurp_5","glurp_6","glurp_7","glurp_8","glurp_9","glurp_10","glurp_11","glurp_12","glurp_13","glurp_14","glurp_15","glurp_16"
"1","0.322222222222222","184.82","219.89","1128.12","2220","0","0","0","0","0","0","0","0","0","0","0","0","235","346","1198","1310","0","0","0","0","0","0","0","0","0","0","0","0","257","360","356.685815706842","212.687464310332","0","0","0","0","0","0","0","0","0","0","0","0"
"2","0.322222222222222","1247.89","1295.31471618528","1130.0006463897","1176.5045236178","1268.40526599845","0","0","0","0","0","0","0","0","0","0","0","231","247","304","1205","1289","0","0","0","0","0","0","0","0","0","0","0","259","168.131436156669","235.81675501686","257.049640580076","145.423139062336","0","0","0","0","0","0","0","0","0","0","0"
"3","1","194.96","201.66","1196.4","2220","0","0","0","0","0","0","0","0","0","0","0","0","240","280","1217","162.861446334827","0","0","0","0","0","0","0","0","0","0","0","0","164","289","267.710254422662","289.697698515776","0","0","0","0","0","0","0","0","0","0","0","0"
"4","1","1196.87","1160.59332005573","0","0","0","0","0","0","0","0","0","0","0","0","0","0","280","1241","0","0","0","0","0","0","0","0","0","0","0","0","0","0","289","289.909448888005","0","0","0","0","0","0","0","0","0","0","0","0","0","0"
"5","1","168.18","189.31","1127.75","1241.11","2220","0","0","0","0","0","0","0","0","0","0","0","153","155","278","1218","1276","0","0","0","0","0","0","0","0","0","0","0","179","255","257","265","240.61759952282","0","0","0","0","0","0","0","0","0","0","0"
"6","1","187.07","193.82","1250.63","2220","0","0","0","0","0","0","0","0","0","0","0","0","152","278","1218","1101.85622323448","0","0","0","0","0","0","0","0","0","0","0","0","241","255","257","265.176206513008","0","0","0","0","0","0","0","0","0","0","0","0"
"7","0.555555555555556","198.58","223.71","1127.97","1159.82","1197.13","2220","0","0","0","0","0","0","0","0","0","0","155","177","278","1217","152.591947634682","1114.01323959986","0","0","0","0","0","0","0","0","0","0","239","258.232310769116","143.106017193792","274.213731770021","276.769858461605","241.320501877898","0","0","0","0","0","0","0","0","0","0"
"8","0.555555555555556","1258.37","2220","1268.59168575299","2218.94928437037","2221.73600485422","0","0","0","0","0","0","0","0","0","0","0","179","260","1133","1216","1221","0","0","0","0","0","0","0","0","0","0","0","227","265.890883456632","243.625061022114","208.390016987727","275.211344248378","0","0","0","0","0","0","0","0","0","0","0"
"9","1","195.79","202.68","1196.49","1222.78","1267.76","1295.16","2220","0","0","0","0","0","0","0","0","0","176","178","216","1218","1267","175.141932419935","1150.83285190565","0","0","0","0","0","0","0","0","0","194","210","240","236.841823787868","144.184983876196","206.827877940509","198.555151902988","0","0","0","0","0","0","0","0","0"
"10","1","223.59","1267.56","1274.5","2200","0","0","0","0","0","0","0","0","0","0","0","0","175","1217","1274.62868615274","1266.66042207597","0","0","0","0","0","0","0","0","0","0","0","0","210","256.216835806069","178.656199550496","207.840436478454","0","0","0","0","0","0","0","0","0","0","0","0"
"11","1","186.26","195.05","201.83","212.86","1178.37","1205.41","1231.88","1249.99","1294.82","2220","0","0","0","0","0","0","152","212","217","1105","1143","1226","1247","1291","1154.85870856087","1203.25535747542","0","0","0","0","0","0","212","226","377.297884051538","292.717546587222","184.730836611001","193.865032603874","193.746668929299","256.645968612721","213.548774841985","260.459892371254","0","0","0","0","0","0"
"12","1","1205.23","1294.65","1126.78686697343","1177.10060498556","0","0","0","0","0","0","0","0","0","0","0","0","217","1159","1177","1278","0","0","0","0","0","0","0","0","0","0","0","0","259","163.392880350392","194.110971191529","241.462772167183","0","0","0","0","0","0","0","0","0","0","0","0"
"13","1","185.93","194.59","210.31","1187.52","1213.04","1249.81","1258.54","2220","0","0","0","0","0","0","0","0","150","163","185","203","210","1238","209.237320764332","1151.05305879038","0","0","0","0","0","0","0","0","165","193","195","162.668628246808","360.938504097351","285.939740502217","227","211.240273098844","0","0","0","0","0","0","0","0"
"14","1","195.42","1187.48","1213.35","1248.83","2220","0","0","0","0","0","0","0","0","0","0","0","197","1239","210.712356969194","1235.52460025513","130.54996063775","0","0","0","0","0","0","0","0","0","0","0","253","255","302.78395392824","258.638034151828","193","0","0","0","0","0","0","0","0","0","0","0"
"15","0.6","139.32","193","236.96","1204.27","1212.08","2220","0","0","0","0","0","0","0","0","0","0","104","209","1176","1235","176.231513207975","1175.72693641675","0","0","0","0","0","0","0","0","0","0","163","165","173","236.346203312523","270.326016019996","362.993971841408","0","0","0","0","0","0","0","0","0","0"
"16","0.6","139.98","229.75","236.64","1212.93","1240.58","2220","0","0","0","0","0","0","0","0","0","0","174","1217","1261","213.151925093832","1217.86685289899","208.595965208041","0","0","0","0","0","0","0","0","0","0","224","226","255","257","211.763569759998","237.969415412338","0","0","0","0","0","0","0","0","0","0"
"17","0.111111111111111","145.62","151.33","199.03","208.52","1158.26","1167.34","2220","0","0","0","0","0","0","0","0","0","140","1174","1220","1222","1236","186.947885799283","184.055311274957","0","0","0","0","0","0","0","0","0","255","257","195","258","183.684252531659","165.546842572412","193.143569449477","0","0","0","0","0","0","0","0","0"
"18","0.111111111111111","149.9","210.56","216.06","237.95","266.71","1159.73","1166.41","2220","1222.16863004491","144.986170335584","0","0","0","0","0","0","148","154","156","170","175","331","1152","1210","1267","1328","0","0","0","0","0","0","254","256","193.116927998416","379.679378522119","374.72603287558","287.873108013998","255.596755628975","258","193.431770256441","264.053148076329","0","0","0","0","0","0"
"19","0.966666666666667","141.36","208.94","1160.38","1196.39","1250.13","1256.5","0","0","0","0","0","0","0","0","0","0","231","1267","330.828526707463","139.267973556419","161.342539731341","1103.13464570298","0","0","0","0","0","0","0","0","0","0","257","259","240.322908314683","178.039351837297","258.214887147465","273.903825330295","0","0","0","0","0","0","0","0","0","0"
"20","0.966666666666667","178.15","204.53","230.33","1160.29","1196.57","1202.84","2220","0","0","0","0","0","0","0","0","0","174","201","278","331","1217","1267","1266.94824783946","0","0","0","0","0","0","0","0","0","197","199","272.991636162032","275.894254811779","146.258855440887","144.678078598778","226.642538067162","0","0","0","0","0","0","0","0","0"
"21","0.844444444444444","139.64","147.28","194.73","201.53","221.24","227.98","1187.77","1193.95","1223.14","2220","0","0","0","0","0","0","210","233","248","1188","1210","1212","1231","1245","1267","236","0","0","0","0","0","0","195","285","177.882456640977","179.757446740569","237.605007255936","276","178.924317311394","378.145219708612","164.5108761542","145.455054182867","0","0","0","0","0","0"
"22","0.844444444444444","203.43","210.11","268.52","1187.79","1194.1","1258.77","209.870567432937","144.291363174294","0","0","0","0","0","0","0","0","110","124","141","200","258","1119","1197","1266","0","0","0","0","0","0","0","0","257","259","306.786648277529","304.668299572549","285.723372462172","374.934622748789","260.040995344268","356.777177199937","0","0","0","0","0","0","0","0"
"23","1","146.33","210.31","1221.69","2220","1222.11252672849","2199.94353249233","1188.50773849524","195.974846774401","1298.59403535324","2218.11276674775","1218.8787229385","1213.33969595365","2223.41453772176","1238.27923731974","1222.22067414493","1197.10933413489","129","140","153","157","175","182","192","199","210","237","248","1152","1174","1196","1217","1238","162","194","164.98667188244","267.376891481183","356.719747595331","212.978324701379","167.814465016718","256.600564359974","256.756129125221","257.503341145228","272.137382699913","372.731727742231","238.565618325677","307.780918872666","184","227.176772194631"
"24","1","146.27","1203.35","1214.38","1219.15","1220.03","1221.53","1238.98","2220","1242.57527909744","1123.11375083633","0","0","0","0","0","0","142","147","158","163","169","1152","1173","1196","1217","1238","0","0","0","0","0","0","162","288","179.265480182495","238.146850687594","193.660857104006","255.530311714941","241.508447611863","264","259.083203985056","193","0","0","0","0","0","0"
"25","0.977777777777778","210.29","1159.72","1166.5","2220","1212.42670680459","209.783147445499","2219.62178947533","0","0","0","0","0","0","0","0","0","126","147","152","160","213","1201","1222","0","0","0","0","0","0","0","0","0","146","148","253","255","263","267.591694120168","179.089847998353","0","0","0","0","0","0","0","0","0"
"26","0.977777777777778","208.93","1185.45","1203.34","1220.99","1232.32","1239.25","2220","0","0","0","0","0","0","0","0","0","152","1184","1201","1222","1233","1281","1292","0","0","0","0","0","0","0","0","0","256","264","148.473850543035","359.3788621811","146.608942535585","265.475016702431","166","0","0","0","0","0","0","0","0","0"
