"","Prob Rec","MSP1_1","MSP1_2","MSP1_3","MSP1_4","MSP1_5","MSP1_6","MSP1_7","MSP1_8","MSP1_9","MSP1_10","MSP1_11","MSP1_12","MSP2_1","MSP2_2","MSP2_3","MSP2_4","MSP2_5","MSP2_6","MSP2_7","MSP2_8","MSP2_9","MSP2_10","MSP2_11","MSP2_12","glurp_1","glurp_2","glurp_3","glurp_4","glurp_5","glurp_6","glurp_7","glurp_8","glurp_9","glurp_10","glurp_11","glurp_12"
"1","0.0222222222222222","202.04","1248.28","2220","0","0","0","0","0","0","0","0","0","185","1221","1237","0","0","0","0","0","0","0","0","0","168","221.112949392389","184.930658618064","0","0","0","0","0","0","0","0","0"
"2","0.0222222222222222","2220","0","0","0","0","0","0","0","0","0","0","0","180","0","0","0","0","0","0","0","0","0","0","0","223","0","0","0","0","0","0","0","0","0","0","0"
"3","0","228.46","1203.66","1221.17","0","0","0","0","0","0","0","0","0","279","1215","1266","0","0","0","0","0","0","0","0","0","210","143.668066193241","221.185862212343","0","0","0","0","0","0","0","0","0"
"4","0","219.62","1166.83","2220","0","0","0","0","0","0","0","0","0","196","1260","1215.34487825799","0","0","0","0","0","0","0","0","0","225","221.394062889411","220.614925619661","0","0","0","0","0","0","0","0","0"
"5","1","1230.15","0","0","0","0","0","0","0","0","0","0","0","285","0","0","0","0","0","0","0","0","0","0","0","222","0","0","0","0","0","0","0","0","0","0","0"
"6","1","1230.06","0","0","0","0","0","0","0","0","0","0","0","285","0","0","0","0","0","0","0","0","0","0","0","222","0","0","0","0","0","0","0","0","0","0","0"
"7","0.933333333333333","1186.08","1203.71","1215.14","1231.06","1274.81","1288.88","2220","0","0","0","0","0","164","1245","1265","1264.00218297323","178.866685973941","281.328548461772","1254.5959648339","0","0","0","0","0","197","221.327518570045","197.384814225031","197.355230735804","197.554602487319","210.680437035563","246.092674262168","0","0","0","0","0"
"8","0.933333333333333","210.98","1212.58","2220","0","0","0","0","0","0","0","0","0","145","179","191","0","0","0","0","0","0","0","0","0","197","244.794970603236","212.005309374892","0","0","0","0","0","0","0","0","0"
"9","0","1230.02","2220","2221.10325184915","1278.45594079262","0","0","0","0","0","0","0","0","139","220","1197","1215","0","0","0","0","0","0","0","0","235","221.653249043331","185.748478028637","235.649453304106","0","0","0","0","0","0","0","0"
"10","0","1186.1","1230.47","0","0","0","0","0","0","0","0","0","0","243","1266","0","0","0","0","0","0","0","0","0","0","235","143.462794870187","0","0","0","0","0","0","0","0","0","0"
"11","0","1212.63","1204.02076486118","0","0","0","0","0","0","0","0","0","0","271","331","0","0","0","0","0","0","0","0","0","0","222","220.858593408522","0","0","0","0","0","0","0","0","0","0"
"12","0","2220","0","0","0","0","0","0","0","0","0","0","0","1266","0","0","0","0","0","0","0","0","0","0","0","221","0","0","0","0","0","0","0","0","0","0","0"
"13","0.988888888888889","204.75","218.81","219.67","1197.75","1212.15","213.378253576054","164.326434214966","1291.16189809913","1214.76619981922","201.976495723537","0","0","178","189","190","256","276","1144","1207","1246","1266","1326","0","0","221","228","144.525085343716","186.071064689376","143.701253918763","167.582982478211","184.196521917946","235.248779448366","213.246497409311","183.944565986598","0","0"
"14","0.988888888888889","205.43","218.85","219.62","1197.9","1212.32","2220","217.653593819535","228.219985476494","0","0","0","0","178","191","250","1144","1191","1207","1247","1266","0","0","0","0","168","224","221.895970241368","221.690781680253","235.427821518101","222.009505005035","213.430011498933","184.297133763264","0","0","0","0"
"15","0.944444444444444","202.69","219.61","1239.14","2220","0","0","0","0","0","0","0","0","182","195","1215","1236.12220768232","0","0","0","0","0","0","0","0","210","221","209.85836075056","245.084676452825","0","0","0","0","0","0","0","0"
"16","0.944444444444444","128.78","147.97","166.64","202.1","205.06","219.4","228.31","1194.88","1247.79","0","0","0","131","186","228","244","254","1237","1255.72222303114","1236.1136442616","132.177503573453","0","0","0","209","213","212.787652529301","221.13774827428","196.741828875579","210.151410070052","143.250074284624","145","209.025105752167","0","0","0"
"17","0","1239.11","1186.59879603528","0","0","0","0","0","0","0","0","0","0","278","1215","0","0","0","0","0","0","0","0","0","0","224","221.051074204829","0","0","0","0","0","0","0","0","0","0"
"18","0","219.67","228.35","1266.05","0","0","0","0","0","0","0","0","0","179","1185","1184.32035316378","0","0","0","0","0","0","0","0","0","222","221.482756066824","221.517731184958","0","0","0","0","0","0","0","0","0"
"19","1","196.17","213.21","219.86","1214.3","1220.62","1279.11","2220","201.30654845253","165.055304352319","211.470372928019","0","0","108","127","145","164","1124","1207","1211","1222","1236","1255","0","0","222","212.44668930172","221.806190512483","186.832052615643","197.869950906346","210.163785630562","210.501006177266","213.309416624948","221.198840388635","221.177858313082","0","0"
"20","1","165.81","213","1214.23","1221.21","1279.1","2220","1128.32005824686","1213.78366766415","165.355332183427","0","0","0","108","127","145","164","1124","1211","1222","1235","1262","0","0","0","222","222.435278332852","144.998463953779","209.219390353202","234.879140467212","197.602474470099","196.410392868139","221.78181355829","142.621172130845","0","0","0"
"21","1","103.99","121.65","150.09","212.29","218.95","277.47","1113","1127.77","1159.82","1221.11","202.618283627519","1186.29547724682","134","164","171","179","230","1154","1169","1184","1203","1236","1298","1302","144","185","225","222.041641196643","210.186523983124","221.836950347551","186.071544560869","184.77646837419","221.696491900317","221.697531809365","221.678255748036","234.716603739273"
"22","1","103.86","121.55","150","212.28","218.94","277.47","1127.82","1203.52","1222.43","1258.53","1125.70860765561","0","134","165","173","174","1154","1169","1184","1203","1236","1298","1302","0","144","185","143.426829901796","143.795026108417","185.675924361686","235.609579327893","197.215641396143","185.616820904179","198.086674256815","144.377239134624","144.549254790814","0"
